{
	"nsfw": {
		"classic": "https://api.nekos.dev/api/v3/images/nsfw/img/classic_lewd",
		"piersing": "https://api.nekos.dev/api/v3/images/nsfw/img/shinobu_lewd",
		"feet": "https://api.nekos.dev/api/v3/images/nsfw/img/feet_lewd",
		"keta": "https://api.nekos.dev/api/v3/images/nsfw/img/keta_lewd",
		"piersingEro": "https://api.nekos.dev/api/v3/images/nsfw/img/piersing_ero",
		"yuriEro": "https://api.nekos.dev/api/v3/images/nsfw/img/yuri_ero",
		"soloEro": "https://api.nekos.dev/api/v3/images/nsfw/img/solo_ero",
		"pantyhose": "https://api.nekos.dev/api/v3/images/nsfw/img/pantyhose_lewd",
		"kemonomimi": "https://api.nekos.dev/api/v3/images/nsfw/img/kemonomimi_lewd",
		"cosplay": "https://api.nekos.dev/api/v3/images/nsfw/img/cosplay_lewd",
		"peeing": "https://api.nekos.dev/api/v3/images/nsfw/img/peeing_lewd",
		"ahegaoAvatar": "https://api.nekos.dev/api/v3/images/nsfw/img/ahegao_avatar",
		"wallpaper": "https://api.nekos.dev/api/v3/images/nsfw/img/wallpaper_lewd",
		"eroWallpaper": "https://api.nekos.dev/api/v3/images/nsfw/img/ero_wallpaper_ero",
		"HoloAvatar": "https://api.nekos.dev/api/v3/images/nsfw/img/holo_avatar",
		"neko": "https://api.nekos.dev/api/v3/images/nsfw/img/neko_lewd",
		"futanari": "https://api.nekos.dev/api/v3/images/nsfw/img/futanari_lewd",
		"kitsune": "https://api.nekos.dev/api/v3/images/nsfw/img/kitsune_ero",
		"trap": "https://api.nekos.dev/api/v3/images/nsfw/img/trap",
		"keta": "https://api.nekos.dev/api/v3/images/nsfw/img/keta_lewd",
		"nekoEro": "https://api.nekos.dev/api/v3/images/nsfw/img/neko_ero",
		"cum": "https://api.nekos.dev/api/v3/images/nsfw/img/cum_lewd",
		"anal": "https://api.nekos.dev/api/v3/images/nsfw/img/anal_lewd",
		"smallBoobs": "https://api.nekos.dev/api/v3/images/nsfw/img/smallboobs_lewd",
		"all": "https://api.nekos.dev/api/v3/images/nsfw/img/all_tags_lewd",
		"yuri": "https://api.nekos.dev/api/v3/images/nsfw/img/yuri_lewd",
		"pussy": "https://api.nekos.dev/api/v3/images/nsfw/img/pussy_lewd",
		"feet": "https://api.nekos.dev/api/v3/images/nsfw/img/yuri_ero",
		"blowJob": "https://api.nekos.dev/api/v3/images/nsfw/img/blowjob_lewd",
		"lewdLoli": "https://api.lolis.life/random?category=lewd&nsfw=true"
	},
	"sfw": {
		"tickle": "https://api.nekos.dev/api/v3/images/sfw/gif/tickle",
		"slap": "https://api.nekos.dev/api/v3/images/sfw/gif/slap",
		"poke": "https://api.nekos.dev/api/v3/images/sfw/gif/poke",
		"pat": "https://api.nekos.dev/api/v3/images/sfw/gif/pat",
		"nekoGif": "https://api.nekos.dev/api/v3/images/sfw/gif/neko",
		"kiss": "https://api.nekos.dev/api/v3/images/sfw/gif/kiss",
		"hug": "https://api.nekos.dev/api/v3/images/sfw/gif/hug",
		"feed": "https://api.nekos.dev/api/v3/images/sfw/gif/feed",
		"cuddle": "https://api.nekos.dev/api/v3/images/sfw/img/gif",
		"neko": "https://api.nekos.dev/api/v3/images/sfw/img/neko",
		"kiminonawa": "https://api.nekos.dev/api/v3/images/sfw/img/kiminonawa",
		"HoloAvatar": "https://api.nekos.dev/api/v3/images/sfw/img/holo_avatar",
		"smug": "https://api.nekos.dev/api/v3/images/sfw/gif/smug",
		"baka": "https://api.nekos.dev/api/v3/images/sfw/gif/baka",
		"wallpaper": "https://api.nekos.dev/api/v3/images/sfw/img/wallpaper",
		"avatar": "https://api.nekos.dev/api/v3/images/sfw/img/no_tag_avatar",
		"waifu": "https://api.nekos.dev/api/v3/images/sfw/img/waifu",
		"loli": "https://api.lolis.life/random?category=kawaii"
	}
}